department,date,income
ГП,2025-01-01,510.0
ДЦ,2025-01-01,465.0
ГП,2025-01-02,5450.0
Массаж,2025-01-02,1785.0
СМ,2025-01-02,1665.0
ТЗ,2025-01-02,8407.5
БК,2025-01-03,1275.0
ГП,2025-01-03,5742.5
ДЦ,2025-01-03,651.0
Массаж,2025-01-03,19659.25
СМ,2025-01-03,900.0
ТЗ,2025-01-03,15372.0
БК,2025-01-04,2066.25
ГП,2025-01-04,1620.0
ДЦ,2025-01-04,577.5
Массаж,2025-01-04,3475.0
СМ,2025-01-04,0.0
ТЗ,2025-01-04,22522.0
БК,2025-01-05,4127.5
ГП,2025-01-05,2000.0
ДЦ,2025-01-05,651.0
Массаж,2025-01-05,7880.0
Мероприятия ФД,2025-01-05,550.0
СМ,2025-01-05,0.0
ТЗ,2025-01-05,17177.5
БК,2025-01-06,4651.25
ГП,2025-01-06,12652.5
ДЦ,2025-01-06,1155.0
Массаж,2025-01-06,12705.0
Мероприятия ФД,2025-01-06,4700.0
СМ,2025-01-06,900.0
ТЗ,2025-01-06,59306.5
БК,2025-01-07,725.0
ГП,2025-01-07,9698.0
Массаж,2025-01-07,8491.0
СМ,2025-01-07,900.0
ТЗ,2025-01-07,45633.5
БК,2025-01-08,7511.25
ГП,2025-01-08,8035.0
ДЦ,2025-01-08,16775.0
Массаж,2025-01-08,3166.25
Мероприятия ФД,2025-01-08,1800.0
СМ,2025-01-08,1800.0
ТЗ,2025-01-08,66221.25
БК,2025-01-09,2585.0
ГП,2025-01-09,25978.5
Массаж,2025-01-09,11071.25
Мероприятия ФД,2025-01-09,7200.0
СМ,2025-01-09,900.0
ТЗ,2025-01-09,60850.25
БК,2025-01-10,5180.0
ГП,2025-01-10,10856.0
ДЦ,2025-01-10,5918.5
Массаж,2025-01-10,4577.0
Мероприятия ФД,2025-01-10,2000.0
СМ,2025-01-10,1800.0
ТЗ,2025-01-10,68174.0
БК,2025-01-11,725.0
ГП,2025-01-11,16810.0
ДЦ,2025-01-11,1097.5
Массаж,2025-01-11,9228.25
СМ,2025-01-11,4500.0
ТЗ,2025-01-11,57670.5
БК,2025-01-12,2103.75
ГП,2025-01-12,13151.0
ДЦ,2025-01-12,4638.5
Массаж,2025-01-12,6038.0
Мероприятия ФД,2025-01-12,550.0
СМ,2025-01-12,0.0
ТЗ,2025-01-12,22219.5
БК,2025-01-13,8710.0
ГП,2025-01-13,36174.5
ДЦ,2025-01-13,13997.0
Массаж,2025-01-13,23275.25
Мероприятия ФД,2025-01-13,1000.0
СМ,2025-01-13,6300.0
ТЗ,2025-01-13,106946.0
БК,2025-01-14,616.25
ГП,2025-01-14,35428.0
ДЦ,2025-01-14,11667.75
Массаж,2025-01-14,22646.25
Мероприятия ФД,2025-01-14,15000.0
СМ,2025-01-14,4500.0
ТЗ,2025-01-14,81838.25
БК,2025-01-15,3150.0
ГП,2025-01-15,37313.25
ДЦ,2025-01-15,17181.0
Массаж,2025-01-15,31803.0
Мероприятия ФД,2025-01-15,15000.0
СМ,2025-01-15,5265.0
ТЗ,2025-01-15,103092.5
БК,2025-01-16,5636.25
ГП,2025-01-16,48564.0
ДЦ,2025-01-16,12033.25
Массаж,2025-01-16,17561.0
СМ,2025-01-16,2700.0
ТЗ,2025-01-16,90607.75
БК,2025-01-17,11132.5
ГП,2025-01-17,42502.0
ДЦ,2025-01-17,16761.0
Массаж,2025-01-17,19646.25
СМ,2025-01-17,5406.25
ТЗ,2025-01-17,113441.25
БК,2025-01-18,4146.25
ГП,2025-01-18,18785.0
ДЦ,2025-01-18,4031.75
Массаж,2025-01-18,9171.25
Мероприятия ФД,2025-01-18,4850.0
СМ,2025-01-18,2565.0
ТЗ,2025-01-18,80419.25
БК,2025-01-19,2103.75
ГП,2025-01-19,14271.25
ДЦ,2025-01-19,890.0
Массаж,2025-01-19,9898.25
Мероприятия ФД,2025-01-19,550.0
СМ,2025-01-19,2430.0
ТЗ,2025-01-19,41940.0
БК,2025-01-20,9435.0
ГП,2025-01-20,39187.5
ДЦ,2025-01-20,18822.0
Массаж,2025-01-20,18240.0
Мероприятия ФД,2025-01-20,15000.0
СМ,2025-01-20,2565.0
ТЗ,2025-01-20,115749.5
БК,2025-01-21,11975.0
ГП,2025-01-21,54524.25
ДЦ,2025-01-21,8753.5
Массаж,2025-01-21,11215.0
СМ,2025-01-21,4527.5
ТЗ,2025-01-21,104152.65
БК,2025-01-22,5195.0
ГП,2025-01-22,46319.0
ДЦ,2025-01-22,16397.0
Массаж,2025-01-22,14720.25
СМ,2025-01-22,3150.0
ТЗ,2025-01-22,127831.0
БК,2025-01-23,2852.5
ГП,2025-01-23,41340.25
ДЦ,2025-01-23,10837.5
Массаж,2025-01-23,15672.5
Мероприятия ФД,2025-01-23,550.0
СМ,2025-01-23,1620.0
ТЗ,2025-01-23,82201.65
БК,2025-01-24,7582.5
ГП,2025-01-24,37518.0
ДЦ,2025-01-24,13754.0
Массаж,2025-01-24,16856.25
Мероприятия ФД,2025-01-24,1100.0
СМ,2025-01-24,3150.0
ТЗ,2025-01-24,115745.75
БК,2025-01-25,1402.5
ГП,2025-01-25,31990.5
ДЦ,2025-01-25,425.0
Массаж,2025-01-25,13611.25
СМ,2025-01-25,4365.0
ТЗ,2025-01-25,56394.25
БК,2025-01-26,2127.5
ГП,2025-01-26,9212.5
Массаж,2025-01-26,19051.25
СМ,2025-01-26,5265.0
ТЗ,2025-01-26,24690.0
БК,2025-01-27,4832.5
ГП,2025-01-27,40410.75
ДЦ,2025-01-27,18429.25
Массаж,2025-01-27,17691.25
СМ,2025-01-27,5715.0
ТЗ,2025-01-27,128992.25
БК,2025-01-28,7166.25
ГП,2025-01-28,54717.0
ДЦ,2025-01-28,8857.75
Массаж,2025-01-28,24539.5
Мероприятия ФД,2025-01-28,15000.0
СМ,2025-01-28,3600.0
ТЗ,2025-01-28,125329.9
БК,2025-01-29,7938.75
ГП,2025-01-29,28074.5
ДЦ,2025-01-29,20919.5
Массаж,2025-01-29,37299.25
СМ,2025-01-29,2700.0
ТЗ,2025-01-29,132488.0
БК,2025-01-30,2828.75
ГП,2025-01-30,56082.25
ДЦ,2025-01-30,14253.0
Массаж,2025-01-30,21016.25
СМ,2025-01-30,5877.5
ТЗ,2025-01-30,124496.65
БК,2025-01-31,4680.0
ГП,2025-01-31,54965.0
ДЦ,2025-01-31,16126.5
Массаж,2025-01-31,7635.0
СМ,2025-01-31,6750.0
ТЗ,2025-01-31,138947.25
БК,2025-02-01,1275.0
ГП,2025-02-01,19843.0
ДЦ,2025-02-01,6430.0
Массаж,2025-02-01,1955.0
Мероприятия ФД,2025-02-01,550.0
СМ,2025-02-01,2700.0
ТЗ,2025-02-01,66009.75
БК,2025-02-02,1402.5
ГП,2025-02-02,17607.5
ДЦ,2025-02-02,3696.0
Массаж,2025-02-02,14945.0
Мероприятия ФД,2025-02-02,550.0
СМ,2025-02-02,2778.75
ТЗ,2025-02-02,18807.5
БК,2025-02-03,3430.0
ГП,2025-02-03,50152.0
ДЦ,2025-02-03,16731.0
Массаж,2025-02-03,27541.0
Мероприятия ФД,2025-02-03,15550.0
СМ,2025-02-03,4728.75
ТЗ,2025-02-03,104624.0
БК,2025-02-04,4255.0
ГП,2025-02-04,59653.25
ДЦ,2025-02-04,16608.5
Массаж,2025-02-04,25077.5
Мероприятия ФД,2025-02-04,15000.0
СМ,2025-02-04,6678.75
ТЗ,2025-02-04,120696.0
БК,2025-02-05,4645.0
ГП,2025-02-05,41543.25
ДЦ,2025-02-05,17456.5
Массаж,2025-02-05,33480.0
СМ,2025-02-05,3585.0
ТЗ,2025-02-05,111129.75
БК,2025-02-06,4231.25
ГП,2025-02-06,58358.25
ДЦ,2025-02-06,7227.0
Массаж,2025-02-06,16925.0
СМ,2025-02-06,3753.75
ТЗ,2025-02-06,127485.0
БК,2025-02-07,5771.25
ГП,2025-02-07,40127.0
ДЦ,2025-02-07,19542.0
Массаж,2025-02-07,25945.0
СМ,2025-02-07,2925.0
ТЗ,2025-02-07,110231.5
БК,2025-02-08,5482.5
ГП,2025-02-08,25871.25
ДЦ,2025-02-08,8875.0
Массаж,2025-02-08,12179.25
Мероприятия ФД,2025-02-08,1100.0
СМ,2025-02-08,975.0
ТЗ,2025-02-08,69546.5
БК,2025-02-09,2725.0
ГП,2025-02-09,20875.25
ДЦ,2025-02-09,1355.0
Массаж,2025-02-09,5628.0
Мероприятия ФД,2025-02-09,-550.0
СМ,2025-02-09,975.0
ТЗ,2025-02-09,28480.5
БК,2025-02-10,5537.5
ГП,2025-02-10,49305.5
ДЦ,2025-02-10,16168.0
Массаж,2025-02-10,38525.0
Мероприятия ФД,2025-02-10,1100.0
СМ,2025-02-10,5557.5
ТЗ,2025-02-10,130660.0
БК,2025-02-11,12141.25
ГП,2025-02-11,59265.0
ДЦ,2025-02-11,17313.25
Массаж,2025-02-11,29280.0
СМ,2025-02-11,1950.0
ТЗ,2025-02-11,109795.15
БК,2025-02-12,9825.0
ГП,2025-02-12,50196.0
ДЦ,2025-02-12,20961.0
Массаж,2025-02-12,19985.5
Мероприятия ФД,2025-02-12,550.0
СМ,2025-02-12,5036.25
ТЗ,2025-02-12,136540.5
БК,2025-02-13,13691.25
ГП,2025-02-13,63026.0
ДЦ,2025-02-13,14399.0
Массаж,2025-02-13,19505.0
Мероприятия ФД,2025-02-13,550.0
СМ,2025-02-13,4241.25
ТЗ,2025-02-13,113275.25
БК,2025-02-14,5490.0
ГП,2025-02-14,50074.5
ДЦ,2025-02-14,15010.0
Массаж,2025-02-14,20570.0
Мероприятия ФД,2025-02-14,17000.0
СМ,2025-02-14,4387.5
ТЗ,2025-02-14,117914.5
ГП,2025-02-15,13462.5
ДЦ,2025-02-15,2750.0
Массаж,2025-02-15,21720.5
Мероприятия ФД,2025-02-15,1100.0
СМ,2025-02-15,2730.0
ТЗ,2025-02-15,76126.25
ГП,2025-02-16,19105.0
ДЦ,2025-02-16,3220.0
Массаж,2025-02-16,10702.25
Мероприятия ФД,2025-02-16,5000.0
СМ,2025-02-16,2925.0
ТЗ,2025-02-16,29150.0
БК,2025-02-17,7751.25
ГП,2025-02-17,41062.5
ДЦ,2025-02-17,17863.0
Массаж,2025-02-17,25163.75
Мероприятия ФД,2025-02-17,24600.0
СМ,2025-02-17,5428.75
ТЗ,2025-02-17,106081.0
БК,2025-02-18,2127.5
ГП,2025-02-18,46256.75
ДЦ,2025-02-18,11062.0
Массаж,2025-02-18,22805.0
СМ,2025-02-18,7361.25
ТЗ,2025-02-18,128724.32
БК,2025-02-19,4295.0
ГП,2025-02-19,69366.0
ДЦ,2025-02-19,24434.0
Массаж,2025-02-19,24755.25
СМ,2025-02-19,3222.5
ТЗ,2025-02-19,116260.5
ГП,2025-02-20,64521.0
ДЦ,2025-02-20,12087.5
Массаж,2025-02-20,9105.0
Мероприятия ФД,2025-02-20,1300.0
СМ,2025-02-20,1950.0
ТЗ,2025-02-20,82122.25
БК,2025-02-21,4828.75
ГП,2025-02-21,48318.5
ДЦ,2025-02-21,10208.0
Массаж,2025-02-21,21417.5
Мероприятия ФД,2025-02-21,3600.0
СМ,2025-02-21,4875.0
ТЗ,2025-02-21,106253.25
БК,2025-02-22,1402.5
ГП,2025-02-22,38860.0
ДЦ,2025-02-22,2745.0
Массаж,2025-02-22,14305.0
СМ,2025-02-22,3753.75
ТЗ,2025-02-22,72753.0
ГП,2025-02-23,20637.5
ДЦ,2025-02-23,1357.5
Массаж,2025-02-23,12765.0
Мероприятия ФД,2025-02-23,7000.0
СМ,2025-02-23,1950.0
ТЗ,2025-02-23,28066.25
БК,2025-02-24,6215.0
ГП,2025-02-24,34334.75
ДЦ,2025-02-24,16358.0
Массаж,2025-02-24,18452.5
Мероприятия ФД,2025-02-24,2000.0
СМ,2025-02-24,7541.25
ТЗ,2025-02-24,108851.75
БК,2025-02-25,3468.75
ГП,2025-02-25,67185.5
ДЦ,2025-02-25,18267.0
Массаж,2025-02-25,20345.0
СМ,2025-02-25,4095.0
ТЗ,2025-02-25,98141.4
БК,2025-02-26,4390.0
ГП,2025-02-26,44398.5
ДЦ,2025-02-26,18767.5
Массаж,2025-02-26,20419.0
Мероприятия ФД,2025-02-26,15000.0
СМ,2025-02-26,4582.5
ТЗ,2025-02-26,137973.0
БК,2025-02-27,20168.75
ГП,2025-02-27,32695.0
ДЦ,2025-02-27,11583.0
Массаж,2025-02-27,35599.0
СМ,2025-02-27,3753.75
ТЗ,2025-02-27,93298.15
БК,2025-02-28,5043.75
ГП,2025-02-28,57514.25
ДЦ,2025-02-28,16105.5
Массаж,2025-02-28,18945.0
Мероприятия ФД,2025-02-28,15000.0
СМ,2025-02-28,5557.5
ТЗ,2025-02-28,157298.75
БК,2025-03-01,2727.5
ГП,2025-03-01,23920.0
ДЦ,2025-03-01,1860.0
Массаж,2025-03-01,4250.0
СМ,2025-03-01,975.0
ТЗ,2025-03-01,63200.0
БК,2025-03-02,1402.5
ГП,2025-03-02,19145.0
ДЦ,2025-03-02,465.0
Массаж,2025-03-02,12076.25
Мероприятия ФД,2025-03-02,19850.0
СМ,2025-03-02,5411.25
ТЗ,2025-03-02,32602.5
БК,2025-03-03,2685.0
ГП,2025-03-03,41584.0
ДЦ,2025-03-03,18802.0
Массаж,2025-03-03,20959.0
Мероприятия ФД,2025-03-03,1050.0
СМ,2025-03-03,975.0
ТЗ,2025-03-03,108477.5
БК,2025-03-04,2127.5
ГП,2025-03-04,49748.25
ДЦ,2025-03-04,23133.0
Массаж,2025-03-04,13045.0
Мероприятия ФД,2025-03-04,4000.0
СМ,2025-03-04,4882.5
ТЗ,2025-03-04,96713.9
БК,2025-03-05,3235.0
ГП,2025-03-05,33819.25
ДЦ,2025-03-05,18917.5
Массаж,2025-03-05,23422.5
Мероприятия ФД,2025-03-05,2000.0
СМ,2025-03-05,3900.0
ТЗ,2025-03-05,107625.75
БК,2025-03-06,2805.0
ГП,2025-03-06,51019.25
ДЦ,2025-03-06,13850.0
Массаж,2025-03-06,18803.0
Мероприятия ФД,2025-03-06,1800.0
СМ,2025-03-06,2925.0
ТЗ,2025-03-06,113824.25
БК,2025-03-07,4852.5
ГП,2025-03-07,30123.5
ДЦ,2025-03-07,14437.25
Массаж,2025-03-07,12081.25
Мероприятия ФД,2025-03-07,5100.0
СМ,2025-03-07,4728.75
ТЗ,2025-03-07,108627.65
БК,2025-03-08,725.0
ГП,2025-03-08,13672.5
ДЦ,2025-03-08,890.0
Массаж,2025-03-08,9847.5
СМ,2025-03-08,2925.0
ТЗ,2025-03-08,56504.25
ГП,2025-03-09,15961.25
ДЦ,2025-03-09,5047.5
Массаж,2025-03-09,4400.0
СМ,2025-03-09,3900.0
ТЗ,2025-03-09,25916.0
БК,2025-03-10,7583.75
ГП,2025-03-10,36050.0
ДЦ,2025-03-10,19159.0
Массаж,2025-03-10,19267.0
Мероприятия ФД,2025-03-10,15000.0
СМ,2025-03-10,3525.0
ТЗ,2025-03-10,109968.25
БК,2025-03-11,0.0
ГП,2025-03-11,47228.5
ДЦ,2025-03-11,15158.75
Массаж,2025-03-11,22585.5
Мероприятия ФД,2025-03-11,550.0
СМ,2025-03-11,2486.25
ТЗ,2025-03-11,130252.0
БК,2025-03-12,6235.0
ГП,2025-03-12,46090.75
ДЦ,2025-03-12,19580.0
Массаж,2025-03-12,25056.5
Мероприятия ФД,2025-03-12,550.0
СМ,2025-03-12,1803.75
ТЗ,2025-03-12,112669.25
БК,2025-03-13,3577.5
ГП,2025-03-13,37070.0
ДЦ,2025-03-13,13400.0
Массаж,2025-03-13,20090.0
Мероприятия ФД,2025-03-13,550.0
СМ,2025-03-13,2632.5
ТЗ,2025-03-13,107122.5
БК,2025-03-14,7892.5
ГП,2025-03-14,60145.0
ДЦ,2025-03-14,10651.5
Массаж,2025-03-14,19337.5
Мероприятия ФД,2025-03-14,18100.0
СМ,2025-03-14,1803.75
ТЗ,2025-03-14,147583.75
БК,2025-03-15,362.5
ГП,2025-03-15,13903.0
ДЦ,2025-03-15,1605.0
Массаж,2025-03-15,9983.0
СМ,2025-03-15,828.75
ТЗ,2025-03-15,70523.75
БК,2025-03-16,2345.0
ГП,2025-03-16,7850.0
ДЦ,2025-03-16,2245.0
Массаж,2025-03-16,16860.0
Мероприятия ФД,2025-03-16,15550.0
СМ,2025-03-16,1950.0
ТЗ,2025-03-16,39275.0
БК,2025-03-17,4900.0
ГП,2025-03-17,45716.0
ДЦ,2025-03-17,14572.5
Массаж,2025-03-17,13051.5
СМ,2025-03-17,1950.0
ТЗ,2025-03-17,111179.25
БК,2025-03-18,4800.0
ГП,2025-03-18,52150.0
ДЦ,2025-03-18,16860.5
Массаж,2025-03-18,25017.5
СМ,2025-03-18,2925.0
ТЗ,2025-03-18,132762.25
БК,2025-03-19,7470.0
ГП,2025-03-19,50898.25
ДЦ,2025-03-19,20564.0
Массаж,2025-03-19,17476.5
Мероприятия ФД,2025-03-19,15000.0
СМ,2025-03-19,4875.0
ТЗ,2025-03-19,130967.5
БК,2025-03-20,1402.5
ГП,2025-03-20,53536.0
ДЦ,2025-03-20,11492.0
Массаж,2025-03-20,20550.0
СМ,2025-03-20,3607.5
ТЗ,2025-03-20,98014.25
БК,2025-03-21,2450.0
ГП,2025-03-21,44071.0
ДЦ,2025-03-21,13034.5
Массаж,2025-03-21,24026.5
Мероприятия ФД,2025-03-21,-1100.0
СМ,2025-03-21,2778.75
ТЗ,2025-03-21,127377.0
БК,2025-03-22,2637.5
ГП,2025-03-22,24594.0
ДЦ,2025-03-22,5430.0
Массаж,2025-03-22,8610.0
СМ,2025-03-22,1950.0
ТЗ,2025-03-22,78515.5
БК,2025-03-23,1402.5
ГП,2025-03-23,15465.5
ДЦ,2025-03-23,3645.0
Массаж,2025-03-23,6305.0
Мероприятия ФД,2025-03-23,1100.0
СМ,2025-03-23,1957.5
ТЗ,2025-03-23,34322.5
БК,2025-03-24,3920.0
ГП,2025-03-24,36449.0
ДЦ,2025-03-24,15655.0
Массаж,2025-03-24,27637.5
СМ,2025-03-24,3900.0
ТЗ,2025-03-24,121593.25
БК,2025-03-25,3777.5
ГП,2025-03-25,59555.0
ДЦ,2025-03-25,13855.75
Массаж,2025-03-25,14841.5
СМ,2025-03-25,2953.75
ТЗ,2025-03-25,99472.75
БК,2025-03-26,5748.75
ГП,2025-03-26,48157.75
ДЦ,2025-03-26,13341.0
Массаж,2025-03-26,16357.5
Мероприятия ФД,2025-03-26,1100.0
СМ,2025-03-26,4012.5
ТЗ,2025-03-26,118701.5
БК,2025-03-27,7346.25
ГП,2025-03-27,39167.5
ДЦ,2025-03-27,17896.0
Массаж,2025-03-27,21964.0
Мероприятия ФД,2025-03-27,1000.0
СМ,2025-03-27,2145.0
ТЗ,2025-03-27,116833.5
БК,2025-03-28,725.0
ГП,2025-03-28,61122.25
ДЦ,2025-03-28,13231.0
Массаж,2025-03-28,30943.5
Мероприятия ФД,2025-03-28,12800.0
СМ,2025-03-28,3120.0
ТЗ,2025-03-28,102784.0
БК,2025-03-29,5365.0
ГП,2025-03-29,23541.75
ДЦ,2025-03-29,4105.0
Массаж,2025-03-29,5810.0
Мероприятия ФД,2025-03-29,2100.0
СМ,2025-03-29,828.75
ТЗ,2025-03-29,61826.75
БК,2025-03-30,2975.0
ГП,2025-03-30,21413.0
ДЦ,2025-03-30,930.0
Массаж,2025-03-30,4180.0
Мероприятия ФД,2025-03-30,1100.0
СМ,2025-03-30,3753.75
ТЗ,2025-03-30,29730.0
БК,2025-03-31,3808.75
ГП,2025-03-31,47824.0
ДЦ,2025-03-31,12611.0
Массаж,2025-03-31,15413.0
Мероприятия ФД,2025-03-31,7200.0
СМ,2025-03-31,4053.75
ТЗ,2025-03-31,120586.5
ГП,2025-04-01,50937.75
ДЦ,2025-04-01,15141.5
Массаж,2025-04-01,10056.5
Мероприятия ФД,2025-04-01,10300.0
СМ,2025-04-01,3010.0
ТЗ,2025-04-01,103971.75
БК,2025-04-02,2144.25
ГП,2025-04-02,36125.5
ДЦ,2025-04-02,8578.0
Массаж,2025-04-02,12045.0
Мероприятия ФД,2025-04-02,2900.0
СМ,2025-04-02,1100.0
ТЗ,2025-04-02,118147.25
БК,2025-04-03,1450.0
ГП,2025-04-03,48879.5
ДЦ,2025-04-03,6925.0
Массаж,2025-04-03,16460.0
Мероприятия ФД,2025-04-03,7200.0
СМ,2025-04-03,0.0
ТЗ,2025-04-03,105348.5
БК,2025-04-04,5222.5
ГП,2025-04-04,47620.5
ДЦ,2025-04-04,5378.0
Массаж,2025-04-04,23094.5
Мероприятия ФД,2025-04-04,550.0
СМ,2025-04-04,3515.0
ТЗ,2025-04-04,130224.75
БК,2025-04-05,2250.0
ГП,2025-04-05,16400.5
ДЦ,2025-04-05,5189.0
Массаж,2025-04-05,2720.0
СМ,2025-04-05,1100.0
ТЗ,2025-04-05,60352.0
ГП,2025-04-06,14733.5
ДЦ,2025-04-06,2110.0
Массаж,2025-04-06,4385.0
Мероприятия ФД,2025-04-06,1650.0
СМ,2025-04-06,0.0
ТЗ,2025-04-06,26155.0
БК,2025-04-07,3645.0
ГП,2025-04-07,45661.5
ДЦ,2025-04-07,20680.0
Массаж,2025-04-07,13875.0
СМ,2025-04-07,1100.0
ТЗ,2025-04-07,119148.75
БК,2025-04-08,725.0
ГП,2025-04-08,50379.75
ДЦ,2025-04-08,25330.0
Массаж,2025-04-08,30600.0
Мероприятия ФД,2025-04-08,2000.0
СМ,2025-04-08,9178.75
ТЗ,2025-04-08,123879.0
БК,2025-04-09,4155.0
ГП,2025-04-09,62578.0
ДЦ,2025-04-09,18527.5
Массаж,2025-04-09,16780.0
СМ,2025-04-09,5415.0
ТЗ,2025-04-09,123699.5
БК,2025-04-10,5375.0
ГП,2025-04-10,44181.0
ДЦ,2025-04-10,9481.0
Массаж,2025-04-10,26170.0
СМ,2025-04-10,1100.0
ТЗ,2025-04-10,92426.75
БК,2025-04-11,8046.25
ГП,2025-04-11,60704.0
ДЦ,2025-04-11,19942.0
Массаж,2025-04-11,20158.0
Мероприятия ФД,2025-04-11,15000.0
СМ,2025-04-11,0.0
ТЗ,2025-04-11,126723.25
БК,2025-04-12,2885.0
ГП,2025-04-12,26707.25
ДЦ,2025-04-12,8292.0
Массаж,2025-04-12,13848.0
Мероприятия ФД,2025-04-12,550.0
СМ,2025-04-12,4128.75
ТЗ,2025-04-12,79879.0
БК,2025-04-13,2555.0
ГП,2025-04-13,14856.0
ДЦ,2025-04-13,3410.0
Массаж,2025-04-13,1360.0
Мероприятия ФД,2025-04-13,3850.0
СМ,2025-04-13,1100.0
ТЗ,2025-04-13,58803.5
БК,2025-04-14,11196.75
ГП,2025-04-14,45205.5
ДЦ,2025-04-14,19258.0
Массаж,2025-04-14,28045.0
СМ,2025-04-14,0.0
ТЗ,2025-04-14,149348.25
БК,2025-04-15,725.0
ГП,2025-04-15,41125.5
ДЦ,2025-04-15,32369.0
Массаж,2025-04-15,21456.25
СМ,2025-04-15,1100.0
ТЗ,2025-04-15,117991.0
БК,2025-04-16,8173.75
ГП,2025-04-16,59600.5
ДЦ,2025-04-16,16164.5
Массаж,2025-04-16,20055.0
СМ,2025-04-16,0.0
ТЗ,2025-04-16,143196.0
БК,2025-04-17,616.25
ГП,2025-04-17,46544.0
ДЦ,2025-04-17,16287.0
Массаж,2025-04-17,11355.0
СМ,2025-04-17,300.0
ТЗ,2025-04-17,113245.75
БК,2025-04-18,16333.75
ГП,2025-04-18,60601.75
ДЦ,2025-04-18,19396.75
Массаж,2025-04-18,19990.0
СМ,2025-04-18,4150.0
ТЗ,2025-04-18,122781.5
БК,2025-04-19,4911.25
ГП,2025-04-19,22072.25
ДЦ,2025-04-19,1860.0
Массаж,2025-04-19,15602.5
СМ,2025-04-19,2200.0
ТЗ,2025-04-19,62454.0
БК,2025-04-20,510.0
ГП,2025-04-20,10125.0
ДЦ,2025-04-20,930.0
Массаж,2025-04-20,10950.0
Мероприятия ФД,2025-04-20,1100.0
СМ,2025-04-20,3175.0
ТЗ,2025-04-20,20612.5
БК,2025-04-21,6067.5
ГП,2025-04-21,46337.5
ДЦ,2025-04-21,13606.0
Массаж,2025-04-21,20135.0
Мероприятия ФД,2025-04-21,15550.0
СМ,2025-04-21,3028.75
ТЗ,2025-04-21,133245.25
БК,2025-04-22,5307.5
ГП,2025-04-22,81917.25
ДЦ,2025-04-22,20096.0
Массаж,2025-04-22,18645.0
СМ,2025-04-22,2200.0
ТЗ,2025-04-22,110876.0
БК,2025-04-23,9330.0
ГП,2025-04-23,55101.5
ДЦ,2025-04-23,13274.0
Массаж,2025-04-23,30405.0
Мероприятия ФД,2025-04-23,15550.0
СМ,2025-04-23,2200.0
ТЗ,2025-04-23,133976.5
БК,2025-04-24,2320.0
ГП,2025-04-24,51971.0
ДЦ,2025-04-24,16789.0
Массаж,2025-04-24,21765.0
СМ,2025-04-24,3607.5
ТЗ,2025-04-24,118868.5
БК,2025-04-25,5751.25
ГП,2025-04-25,58107.0
ДЦ,2025-04-25,9682.0
Массаж,2025-04-25,21120.0
Мероприятия ФД,2025-04-25,15550.0
СМ,2025-04-25,1100.0
ТЗ,2025-04-25,107684.5
ГП,2025-04-26,14404.25
ДЦ,2025-04-26,1302.0
Массаж,2025-04-26,5865.0
Мероприятия ФД,2025-04-26,2200.0
СМ,2025-04-26,0.0
ТЗ,2025-04-26,61048.5
ГП,2025-04-27,14596.25
ДЦ,2025-04-27,2015.0
Массаж,2025-04-27,8912.5
Мероприятия ФД,2025-04-27,1100.0
ТЗ,2025-04-27,38404.5
БК,2025-04-28,5500.0
ГП,2025-04-28,44176.5
ДЦ,2025-04-28,10076.0
Массаж,2025-04-28,23727.5
СМ,2025-04-28,3300.0
ТЗ,2025-04-28,148172.5
БК,2025-04-29,725.0
ГП,2025-04-29,51380.5
ДЦ,2025-04-29,16953.0
Массаж,2025-04-29,26395.0
СМ,2025-04-29,3520.0
ТЗ,2025-04-29,109278.0
БК,2025-04-30,2450.0
ГП,2025-04-30,48305.5
ДЦ,2025-04-30,8111.5
Массаж,2025-04-30,21380.0
Мероприятия ФД,2025-04-30,2550.0
СМ,2025-04-30,5437.5
ТЗ,2025-04-30,115570.0
БК,2025-05-01,2000.0
ГП,2025-05-01,37287.25
ДЦ,2025-05-01,1820.0
Массаж,2025-05-01,4292.5
Мероприятия ФД,2025-05-01,2200.0
СМ,2025-05-01,1100.0
ТЗ,2025-05-01,61314.5
БК,2025-05-02,5681.0
ГП,2025-05-02,12960.0
ДЦ,2025-05-02,5962.0
Массаж,2025-05-02,6370.0
Мероприятия ФД,2025-05-02,1650.0
СМ,2025-05-02,0.0
ТЗ,2025-05-02,56237.5
БК,2025-05-03,2722.5
ГП,2025-05-03,2210.0
ДЦ,2025-05-03,1815.0
Массаж,2025-05-03,4285.0
Мероприятия ФД,2025-05-03,1100.0
СМ,2025-05-03,3300.0
ТЗ,2025-05-03,50398.0
БК,2025-05-04,1402.5
ГП,2025-05-04,13580.0
ДЦ,2025-05-04,1390.0
Массаж,2025-05-04,1520.0
СМ,2025-05-04,0.0
ТЗ,2025-05-04,29881.0
БК,2025-05-05,6477.5
ГП,2025-05-05,33721.0
ДЦ,2025-05-05,11237.5
Массаж,2025-05-05,4590.0
СМ,2025-05-05,600.0
ТЗ,2025-05-05,121594.0
ГП,2025-05-06,65064.0
ДЦ,2025-05-06,22002.75
Массаж,2025-05-06,12770.0
СМ,2025-05-06,2035.0
ТЗ,2025-05-06,116057.75
БК,2025-05-07,5633.75
ГП,2025-05-07,69554.75
ДЦ,2025-05-07,8537.0
Массаж,2025-05-07,20510.0
СМ,2025-05-07,3963.75
ТЗ,2025-05-07,110684.75
БК,2025-05-08,1341.25
ГП,2025-05-08,17422.0
ДЦ,2025-05-08,2710.0
Массаж,2025-05-08,0.0
Мероприятия ФД,2025-05-08,1100.0
СМ,2025-05-08,2200.0
ТЗ,2025-05-08,79928.68
ГП,2025-05-09,18422.5
Массаж,2025-05-09,4250.0
СМ,2025-05-09,0.0
ТЗ,2025-05-09,41149.5
ГП,2025-05-10,4292.5
ДЦ,2025-05-10,3460.0
Массаж,2025-05-10,5615.0
Мероприятия ФД,2025-05-10,1100.0
СМ,2025-05-10,780.0
ТЗ,2025-05-10,65007.5
ГП,2025-05-11,12500.0
ДЦ,2025-05-11,500.0
Массаж,2025-05-11,10985.0
Мероприятия ФД,2025-05-11,550.0
СМ,2025-05-11,1100.0
ТЗ,2025-05-11,18288.0
БК,2025-05-12,9375.0
ГП,2025-05-12,52154.5
ДЦ,2025-05-12,22832.5
Массаж,2025-05-12,15130.0
СМ,2025-05-12,3050.0
ТЗ,2025-05-12,156273.75
БК,2025-05-13,725.0
ГП,2025-05-13,42791.0
ДЦ,2025-05-13,22623.0
Массаж,2025-05-13,27050.0
Мероприятия ФД,2025-05-13,1650.0
СМ,2025-05-13,-850.0
ТЗ,2025-05-13,126794.68
БК,2025-05-14,7998.75
ГП,2025-05-14,56895.5
ДЦ,2025-05-14,13656.0
Массаж,2025-05-14,23550.0
СМ,2025-05-14,5998.75
ТЗ,2025-05-14,134980.0
БК,2025-05-15,1650.0
ГП,2025-05-15,58849.75
ДЦ,2025-05-15,19765.0
Массаж,2025-05-15,13615.0
Мероприятия ФД,2025-05-15,1550.0
СМ,2025-05-15,3135.0
ТЗ,2025-05-15,122175.25
БК,2025-05-16,6988.75
ГП,2025-05-16,48968.0
ДЦ,2025-05-16,15428.5
Массаж,2025-05-16,18245.0
Мероприятия ФД,2025-05-16,17200.0
СМ,2025-05-16,2075.0
ТЗ,2025-05-16,104286.5
БК,2025-05-17,725.0
ГП,2025-05-17,23360.0
ДЦ,2025-05-17,2785.0
Массаж,2025-05-17,14105.0
Мероприятия ФД,2025-05-17,8500.0
СМ,2025-05-17,2200.0
ТЗ,2025-05-17,43340.5
БК,2025-05-18,1402.5
ГП,2025-05-18,14110.0
ДЦ,2025-05-18,1465.0
Массаж,2025-05-18,5850.0
Мероприятия ФД,2025-05-18,1650.0
СМ,2025-05-18,1100.0
ТЗ,2025-05-18,28920.5
БК,2025-05-19,2940.0
ГП,2025-05-19,34800.0
ДЦ,2025-05-19,6863.0
Массаж,2025-05-19,7505.0
СМ,2025-05-19,935.0
ТЗ,2025-05-19,96351.0
БК,2025-05-20,1957.5
ГП,2025-05-20,54260.0
ДЦ,2025-05-20,12850.0
Массаж,2025-05-20,18705.0
Мероприятия ФД,2025-05-20,1100.0
СМ,2025-05-20,1275.0
ТЗ,2025-05-20,122561.43
БК,2025-05-21,3920.0
ГП,2025-05-21,51699.0
ДЦ,2025-05-21,11138.0
Массаж,2025-05-21,26915.0
Мероприятия ФД,2025-05-21,16200.0
СМ,2025-05-21,2760.0
ТЗ,2025-05-21,124410.0
БК,2025-05-22,8060.0
ГП,2025-05-22,54118.5
ДЦ,2025-05-22,12797.0
Массаж,2025-05-22,19497.5
Мероприятия ФД,2025-05-22,1000.0
СМ,2025-05-22,4620.0
ТЗ,2025-05-22,113323.5
БК,2025-05-23,6162.5
ГП,2025-05-23,55585.5
ДЦ,2025-05-23,5017.0
Массаж,2025-05-23,15360.0
Мероприятия ФД,2025-05-23,31700.0
СМ,2025-05-23,1180.0
ТЗ,2025-05-23,114147.25
БК,2025-05-24,1650.0
ГП,2025-05-24,35534.25
ДЦ,2025-05-24,925.0
Массаж,2025-05-24,2975.0
Мероприятия ФД,2025-05-24,550.0
СМ,2025-05-24,1870.0
ТЗ,2025-05-24,57217.0
БК,2025-05-25,725.0
ГП,2025-05-25,5640.0
ДЦ,2025-05-25,1000.0
Массаж,2025-05-25,1785.0
СМ,2025-05-25,0.0
ТЗ,2025-05-25,30880.0
БК,2025-05-26,6735.0
ГП,2025-05-26,28940.25
ДЦ,2025-05-26,12840.0
Массаж,2025-05-26,22465.0
Мероприятия ФД,2025-05-26,550.0
СМ,2025-05-26,4360.0
ТЗ,2025-05-26,124301.75
ГП,2025-05-27,42853.5
ДЦ,2025-05-27,11606.0
Массаж,2025-05-27,20915.0
Мероприятия ФД,2025-05-27,78500.0
СМ,2025-05-27,2035.0
ТЗ,2025-05-27,123348.93
БК,2025-05-28,11968.5
ГП,2025-05-28,29455.75
ДЦ,2025-05-28,7709.0
Массаж,2025-05-28,22040.0
Мероприятия ФД,2025-05-28,2200.0
СМ,2025-05-28,3300.0
ТЗ,2025-05-28,116178.0
БК,2025-05-29,1650.0
ГП,2025-05-29,51985.5
ДЦ,2025-05-29,10970.0
Массаж,2025-05-29,24985.0
Мероприятия ФД,2025-05-29,16200.0
СМ,2025-05-29,5335.0
ТЗ,2025-05-29,89385.5
БК,2025-05-30,8802.5
ГП,2025-05-30,37582.25
ДЦ,2025-05-30,4637.0
Массаж,2025-05-30,6225.0
Мероприятия ФД,2025-05-30,74050.0
СМ,2025-05-30,2675.0
ТЗ,2025-05-30,136591.25
БК,2025-05-31,2375.0
ГП,2025-05-31,14241.25
ДЦ,2025-05-31,0.0
Массаж,2025-05-31,1785.0
Мероприятия ФД,2025-05-31,31200.0
СМ,2025-05-31,3135.0
ТЗ,2025-05-31,38710.0
ГП,2025-06-01,4042.5
Мероприятия ФД,2025-06-01,9500.0
СМ,2025-06-01,2200.0
ТЗ,2025-06-01,26256.0
БК,2025-06-02,3195.0
ГП,2025-06-02,40268.5
ДЦ,2025-06-02,7911.0
Массаж,2025-06-02,14110.0
Мероприятия ФД,2025-06-02,27500.0
СМ,2025-06-02,2035.0
ТЗ,2025-06-02,119006.5
БК,2025-06-03,2127.5
ГП,2025-06-03,36859.25
ДЦ,2025-06-03,12286.0
Массаж,2025-06-03,9421.25
СМ,2025-06-03,2035.0
ТЗ,2025-06-03,90732.18
БК,2025-06-04,5186.25
ГП,2025-06-04,49697.0
ДЦ,2025-06-04,13891.0
Массаж,2025-06-04,35192.0
Мероприятия ФД,2025-06-04,550.0
СМ,2025-06-04,1100.0
ТЗ,2025-06-04,126575.0
БК,2025-06-05,2127.5
ГП,2025-06-05,52219.0
ДЦ,2025-06-05,11384.0
Массаж,2025-06-05,11450.0
Мероприятия ФД,2025-06-05,23800.0
СМ,2025-06-05,6050.0
ТЗ,2025-06-05,96713.0
БК,2025-06-06,1402.5
ГП,2025-06-06,29057.0
ДЦ,2025-06-06,1674.0
Массаж,2025-06-06,8750.0
СМ,2025-06-06,3300.0
ТЗ,2025-06-06,71424.0
ГП,2025-06-07,13425.0
Массаж,2025-06-07,1615.0
СМ,2025-06-07,880.0
ТЗ,2025-06-07,32134.0
ГП,2025-06-08,4657.5
ДЦ,2025-06-08,1650.0
Массаж,2025-06-08,8365.0
СМ,2025-06-08,935.0
ТЗ,2025-06-08,28159.0
БК,2025-06-09,4881.75
ГП,2025-06-09,43456.5
ДЦ,2025-06-09,7094.0
Массаж,2025-06-09,16910.0
Мероприятия ФД,2025-06-09,86550.0
СМ,2025-06-09,2200.0
ТЗ,2025-06-09,129032.5
БК,2025-06-10,978.75
ГП,2025-06-10,46606.5
ДЦ,2025-06-10,16416.0
Массаж,2025-06-10,21385.0
Мероприятия ФД,2025-06-10,12700.0
СМ,2025-06-10,1100.0
ТЗ,2025-06-10,93557.0
БК,2025-06-11,2552.5
ГП,2025-06-11,39630.5
ДЦ,2025-06-11,5894.0
Массаж,2025-06-11,4250.0
Мероприятия ФД,2025-06-11,57550.0
СМ,2025-06-11,935.0
ТЗ,2025-06-11,119876.93
БК,2025-06-12,1402.5
ГП,2025-06-12,24180.0
ДЦ,2025-06-12,930.0
Массаж,2025-06-12,7750.0
СМ,2025-06-12,3300.0
ТЗ,2025-06-12,76277.5
БК,2025-06-13,2693.0
ГП,2025-06-13,29355.5
ДЦ,2025-06-13,1430.0
Массаж,2025-06-13,10865.0
Мероприятия ФД,2025-06-13,1100.0
СМ,2025-06-13,1100.0
ТЗ,2025-06-13,65917.0
ГП,2025-06-14,1700.0
ДЦ,2025-06-14,2037.5
Массаж,2025-06-14,4125.0
Мероприятия ФД,2025-06-14,1100.0
СМ,2025-06-14,2200.0
ТЗ,2025-06-14,27643.75
ГП,2025-06-15,2847.5
СМ,2025-06-15,880.0
ТЗ,2025-06-15,35771.5
БК,2025-06-16,2682.5
ГП,2025-06-16,30645.0
ДЦ,2025-06-16,3936.0
Массаж,2025-06-16,4766.5
Мероприятия ФД,2025-06-16,10550.0
СМ,2025-06-16,1100.0
ТЗ,2025-06-16,115855.25
БК,2025-06-17,3530.0
ГП,2025-06-17,46378.5
ДЦ,2025-06-17,10253.0
Массаж,2025-06-17,11125.0
Мероприятия ФД,2025-06-17,550.0
СМ,2025-06-17,2035.0
ТЗ,2025-06-17,107121.18
БК,2025-06-18,5466.25
ГП,2025-06-18,46421.5
ДЦ,2025-06-18,6034.0
Массаж,2025-06-18,3515.0
СМ,2025-06-18,4990.0
ТЗ,2025-06-18,104725.5
БК,2025-06-19,12952.5
ГП,2025-06-19,51076.25
ДЦ,2025-06-19,4827.0
Массаж,2025-06-19,0.0
Мероприятия ФД,2025-06-19,12000.0
СМ,2025-06-19,4400.0
ТЗ,2025-06-19,102815.25
БК,2025-06-20,5116.25
ГП,2025-06-20,30387.5
ДЦ,2025-06-20,4052.0
Массаж,2025-06-20,2125.0
Мероприятия ФД,2025-06-20,1650.0
СМ,2025-06-20,6095.0
ТЗ,2025-06-20,112659.0
БК,2025-06-21,725.0
ГП,2025-06-21,7195.0
ДЦ,2025-06-21,945.0
Массаж,2025-06-21,4500.0
Мероприятия ФД,2025-06-21,1650.0
СМ,2025-06-21,0.0
ТЗ,2025-06-21,32418.0
ГП,2025-06-22,1600.0
ДЦ,2025-06-22,945.0
Массаж,2025-06-22,6205.0
Мероприятия ФД,2025-06-22,1100.0
СМ,2025-06-22,0.0
ТЗ,2025-06-22,33354.5
БК,2025-06-23,2991.25
ГП,2025-06-23,34322.0
ДЦ,2025-06-23,8041.0
Массаж,2025-06-23,4400.0
Мероприятия ФД,2025-06-23,52000.0
СМ,2025-06-23,0.0
ТЗ,2025-06-23,114735.75
БК,2025-06-24,4207.5
ГП,2025-06-24,35200.5
ДЦ,2025-06-24,3096.0
Массаж,2025-06-24,6375.0
Мероприятия ФД,2025-06-24,10600.0
СМ,2025-06-24,0.0
ТЗ,2025-06-24,99048.25
БК,2025-06-25,1232.5
ГП,2025-06-25,29231.0
ДЦ,2025-06-25,4238.0
Массаж,2025-06-25,7150.0
Мероприятия ФД,2025-06-25,2000.0
СМ,2025-06-25,2200.0
ТЗ,2025-06-25,49569.0
ГП,2025-06-26,59042.0
ДЦ,2025-06-26,9423.0
Массаж,2025-06-26,4125.0
Мероприятия ФД,2025-06-26,18000.0
СМ,2025-06-26,5545.0
ТЗ,2025-06-26,98098.68
БК,2025-06-27,2175.0
ГП,2025-06-27,36161.0
ДЦ,2025-06-27,2081.0
Массаж,2025-06-27,0.0
Мероприятия ФД,2025-06-27,2200.0
СМ,2025-06-27,2200.0
ТЗ,2025-06-27,92784.0
ГП,2025-06-28,14265.0
ДЦ,2025-06-28,945.0
Массаж,2025-06-28,10740.0
Мероприятия ФД,2025-06-28,1650.0
СМ,2025-06-28,935.0
ТЗ,2025-06-28,54484.0
ГП,2025-06-29,10067.5
ДЦ,2025-06-29,2575.0
Массаж,2025-06-29,4500.0
Мероприятия ФД,2025-06-29,1100.0
СМ,2025-06-29,1100.0
ТЗ,2025-06-29,31084.5
БК,2025-06-30,2266.25
ГП,2025-06-30,34618.0
ДЦ,2025-06-30,13476.0
Массаж,2025-06-30,18522.5
Мероприятия ФД,2025-06-30,64600.0
СМ,2025-06-30,2200.0
ТЗ,2025-06-30,107539.0
БК,2025-07-01,6207.5
ГП,2025-07-01,60518.5
Массаж,2025-07-01,26047.0
СМ,2025-07-01,1050.0
ТЗ,2025-07-01,82392.75
БК,2025-07-02,2933.0
ГП,2025-07-02,33352.5
ДЦ,2025-07-02,5683.0
Массаж,2025-07-02,33337.5
Мероприятия ФД,2025-07-02,18000.0
СМ,2025-07-02,3135.0
ТЗ,2025-07-02,117921.0
БК,2025-07-03,5581.25
ГП,2025-07-03,40594.0
ДЦ,2025-07-03,5053.0
Массаж,2025-07-03,25902.5
СМ,2025-07-03,1100.0
ТЗ,2025-07-03,70740.75
БК,2025-07-04,5557.5
ГП,2025-07-04,36784.5
ДЦ,2025-07-04,4061.0
Массаж,2025-07-04,19435.0
Мероприятия ФД,2025-07-04,550.0
СМ,2025-07-04,880.0
ТЗ,2025-07-04,99642.5
ГП,2025-07-05,3697.5
Массаж,2025-07-05,4250.0
Мероприятия ФД,2025-07-05,1100.0
СМ,2025-07-05,2200.0
ТЗ,2025-07-05,33258.5
БК,2025-07-06,1402.5
ГП,2025-07-06,5880.0
ДЦ,2025-07-06,1500.0
Массаж,2025-07-06,3500.0
СМ,2025-07-06,1100.0
ТЗ,2025-07-06,15442.0
БК,2025-07-07,3116.0
ГП,2025-07-07,16760.0
ДЦ,2025-07-07,3311.0
Массаж,2025-07-07,13000.0
Мероприятия ФД,2025-07-07,10050.0
СМ,2025-07-07,2035.0
ТЗ,2025-07-07,106586.25
ГП,2025-07-08,58251.25
ДЦ,2025-07-08,7700.0
Массаж,2025-07-08,11475.0
Мероприятия ФД,2025-07-08,21500.0
СМ,2025-07-08,1100.0
ТЗ,2025-07-08,79053.18
ГП,2025-07-09,24114.5
ДЦ,2025-07-09,3381.0
Массаж,2025-07-09,7425.0
Мероприятия ФД,2025-07-09,3100.0
СМ,2025-07-09,1100.0
ТЗ,2025-07-09,104633.0
БК,2025-07-10,3650.0
ГП,2025-07-10,61324.0
ДЦ,2025-07-10,1730.0
Массаж,2025-07-10,5645.0
Мероприятия ФД,2025-07-10,2000.0
СМ,2025-07-10,2915.0
ТЗ,2025-07-10,82227.75
БК,2025-07-11,2805.0
ГП,2025-07-11,26500.0
ДЦ,2025-07-11,2263.5
Массаж,2025-07-11,10255.0
Мероприятия ФД,2025-07-11,3100.0
СМ,2025-07-11,3905.0
ТЗ,2025-07-11,90170.5
БК,2025-07-12,725.0
ГП,2025-07-12,2500.0
Массаж,2025-07-12,4250.0
СМ,2025-07-12,1100.0
ТЗ,2025-07-12,30347.5
ГП,2025-07-13,12293.0
Массаж,2025-07-13,2500.0
Мероприятия ФД,2025-07-13,550.0
СМ,2025-07-13,2585.0
ТЗ,2025-07-13,27896.5
БК,2025-07-14,3848.75
ГП,2025-07-14,26638.0
ДЦ,2025-07-14,5264.75
Массаж,2025-07-14,0.0
Мероприятия ФД,2025-07-14,55000.0
СМ,2025-07-14,0.0
ТЗ,2025-07-14,83451.5
БК,2025-07-15,1650.0
ГП,2025-07-15,33658.0
ДЦ,2025-07-15,2904.0
Массаж,2025-07-15,14950.0
Мероприятия ФД,2025-07-15,27500.0
СМ,2025-07-15,2035.0
ТЗ,2025-07-15,81434.5
БК,2025-07-16,1341.25
ГП,2025-07-16,23169.5
ДЦ,2025-07-16,4218.0
Массаж,2025-07-16,11850.0
Мероприятия ФД,2025-07-16,2000.0
СМ,2025-07-16,2750.0
ТЗ,2025-07-16,66422.5
БК,2025-07-17,1402.5
ГП,2025-07-17,37700.5
ДЦ,2025-07-17,5526.75
Массаж,2025-07-17,6750.0
Мероприятия ФД,2025-07-17,9250.0
СМ,2025-07-17,1100.0
ТЗ,2025-07-17,65418.25
БК,2025-07-18,1402.5
ГП,2025-07-18,44775.0
ДЦ,2025-07-18,558.0
Массаж,2025-07-18,9880.0
СМ,2025-07-18,2035.0
ТЗ,2025-07-18,49740.0
ГП,2025-07-19,2185.5
Массаж,2025-07-19,8350.0
Мероприятия ФД,2025-07-19,9000.0
СМ,2025-07-19,1700.0
ТЗ,2025-07-19,14458.0
БК,2025-07-20,2000.0
ГП,2025-07-20,1200.0
Массаж,2025-07-20,9450.0
СМ,2025-07-20,2200.0
ТЗ,2025-07-20,16615.0
БК,2025-07-21,5251.25
ГП,2025-07-21,28013.5
ДЦ,2025-07-21,8334.75
Массаж,2025-07-21,9909.0
Мероприятия ФД,2025-07-21,19000.0
СМ,2025-07-21,2200.0
ТЗ,2025-07-21,63672.75
БК,2025-07-22,6105.0
ГП,2025-07-22,33773.5
Массаж,2025-07-22,9520.0
Мероприятия ФД,2025-07-22,550.0
СМ,2025-07-22,2200.0
ТЗ,2025-07-22,75572.5
БК,2025-07-23,2490.0
ГП,2025-07-23,22762.0
ДЦ,2025-07-23,2820.0
Массаж,2025-07-23,13740.0
Мероприятия ФД,2025-07-23,2000.0
СМ,2025-07-23,2200.0
ТЗ,2025-07-23,54420.5
ГП,2025-07-24,43004.5
ДЦ,2025-07-24,930.0
Массаж,2025-07-24,16520.0
Мероприятия ФД,2025-07-24,29500.0
СМ,2025-07-24,1100.0
ТЗ,2025-07-24,45554.5
БК,2025-07-25,5577.5
ГП,2025-07-25,17418.0
ДЦ,2025-07-25,1147.5
Массаж,2025-07-25,23890.0
Мероприятия ФД,2025-07-25,18000.0
СМ,2025-07-25,2035.0
ТЗ,2025-07-25,69367.25
ГП,2025-07-26,6131.0
Массаж,2025-07-26,11635.0
Мероприятия ФД,2025-07-26,550.0
СМ,2025-07-26,4235.0
ТЗ,2025-07-26,24509.5
ГП,2025-07-27,1255.5
ДЦ,2025-07-27,1147.5
Массаж,2025-07-27,8792.5
СМ,2025-07-27,1870.0
ТЗ,2025-07-27,14724.0
БК,2025-07-28,4078.75
ГП,2025-07-28,19193.0
ДЦ,2025-07-28,5950.0
Массаж,2025-07-28,15165.0
Мероприятия ФД,2025-07-28,19650.0
СМ,2025-07-28,3300.0
ТЗ,2025-07-28,67583.0
БК,2025-07-29,6255.0
ГП,2025-07-29,26031.0
Массаж,2025-07-29,34662.5
Мероприятия ФД,2025-07-29,11500.0
СМ,2025-07-29,1697.5
ТЗ,2025-07-29,72546.5
БК,2025-07-30,3421.25
ГП,2025-07-30,35521.5
ДЦ,2025-07-30,6037.5
Массаж,2025-07-30,14785.0
Мероприятия ФД,2025-07-30,30150.0
СМ,2025-07-30,935.0
ТЗ,2025-07-30,77161.5
БК,2025-07-31,7507.5
ГП,2025-07-31,28239.5
ДЦ,2025-07-31,5906.0
Массаж,2025-07-31,20320.0
Мероприятия ФД,2025-07-31,550.0
СМ,2025-07-31,1100.0
ТЗ,2025-07-31,91159.0
БК,2025-08-01,5153.75
ГП,2025-08-01,30898.0
ДЦ,2025-08-01,558.0
Массаж,2025-08-01,12385.0
СМ,2025-08-01,1100.0
ТЗ,2025-08-01,61840.0
БК,2025-08-02,1402.5
ГП,2025-08-02,1880.0
Массаж,2025-08-02,6520.0
СМ,2025-08-02,1980.0
ТЗ,2025-08-02,19740.5
БК,2025-08-03,725.0
ДЦ,2025-08-03,2077.5
Массаж,2025-08-03,12125.0
СМ,2025-08-03,1650.0
ТЗ,2025-08-03,8595.0
БК,2025-08-04,1957.5
ГП,2025-08-04,12110.5
ДЦ,2025-08-04,4711.5
Массаж,2025-08-04,28982.5
Мероприятия ФД,2025-08-04,18550.0
СМ,2025-08-04,0.0
ТЗ,2025-08-04,76412.5
БК,2025-08-05,1087.5
ГП,2025-08-05,35690.0
ДЦ,2025-08-05,2355.0
Массаж,2025-08-05,19810.0
Мероприятия ФД,2025-08-05,11500.0
СМ,2025-08-05,2200.0
ТЗ,2025-08-05,91694.5
БК,2025-08-06,2791.25
ГП,2025-08-06,33601.0
ДЦ,2025-08-06,1765.0
Массаж,2025-08-06,10285.0
Мероприятия ФД,2025-08-06,600.0
СМ,2025-08-06,3900.0
ТЗ,2025-08-06,94266.75
БК,2025-08-07,2375.0
ГП,2025-08-07,32252.5
ДЦ,2025-08-07,4272.5
Массаж,2025-08-07,17085.0
Мероприятия ФД,2025-08-07,550.0
СМ,2025-08-07,2035.0
ТЗ,2025-08-07,58407.5
БК,2025-08-08,3650.0
ГП,2025-08-08,29902.0
ДЦ,2025-08-08,1147.5
Массаж,2025-08-08,17565.0
СМ,2025-08-08,935.0
ТЗ,2025-08-08,87331.5
ГП,2025-08-09,5783.0
Массаж,2025-08-09,1615.0
Мероприятия ФД,2025-08-09,2750.0
СМ,2025-08-09,935.0
ТЗ,2025-08-09,42867.0
ГП,2025-08-10,1950.0
ДЦ,2025-08-10,2092.5
Массаж,2025-08-10,4625.0
СМ,2025-08-10,0.0
ТЗ,2025-08-10,19484.0
БК,2025-08-11,2428.75
ГП,2025-08-11,34583.5
ДЦ,2025-08-11,5357.5
Массаж,2025-08-11,23965.0
Мероприятия ФД,2025-08-11,19550.0
СМ,2025-08-11,892.5
ТЗ,2025-08-11,95337.25
БК,2025-08-12,10086.25
ГП,2025-08-12,48625.5
ДЦ,2025-08-12,10481.0
Массаж,2025-08-12,7580.0
Мероприятия ФД,2025-08-12,9500.0
СМ,2025-08-12,1100.0
ТЗ,2025-08-12,96554.0
БК,2025-08-13,2127.5
ГП,2025-08-13,30614.5
ДЦ,2025-08-13,2190.0
Массаж,2025-08-13,18624.0
Мероприятия ФД,2025-08-13,1100.0
СМ,2025-08-13,935.0
ТЗ,2025-08-13,98803.0
БК,2025-08-14,5118.75
ГП,2025-08-14,33115.0
ДЦ,2025-08-14,6573.8
Массаж,2025-08-14,10400.0
Мероприятия ФД,2025-08-14,35100.0
СМ,2025-08-14,1400.0
ТЗ,2025-08-14,89122.0
ГП,2025-08-15,23160.5
ДЦ,2025-08-15,4192.5
Массаж,2025-08-15,18825.0
СМ,2025-08-15,4950.0
ТЗ,2025-08-15,70145.5
БК,2025-08-16,1402.5
ГП,2025-08-16,15730.5
ДЦ,2025-08-16,425.0
Массаж,2025-08-16,11750.0
Мероприятия ФД,2025-08-16,550.0
СМ,2025-08-16,2200.0
ТЗ,2025-08-16,42872.0
ГП,2025-08-17,3060.0
ДЦ,2025-08-17,1147.5
Массаж,2025-08-17,8875.0
Мероприятия ФД,2025-08-17,550.0
СМ,2025-08-17,0.0
ТЗ,2025-08-17,29724.0
БК,2025-08-18,2852.5
ГП,2025-08-18,28256.0
ДЦ,2025-08-18,9112.5
Массаж,2025-08-18,25260.0
Мероприятия ФД,2025-08-18,27500.0
СМ,2025-08-18,0.0
ТЗ,2025-08-18,81210.25
БК,2025-08-19,1087.5
ГП,2025-08-19,33205.5
ДЦ,2025-08-19,1665.0
Массаж,2025-08-19,27965.0
Мероприятия ФД,2025-08-19,550.0
СМ,2025-08-19,2420.0
ТЗ,2025-08-19,82372.0
БК,2025-08-20,5796.25
ГП,2025-08-20,34124.5
ДЦ,2025-08-20,6710.0
Массаж,2025-08-20,22985.0
Мероприятия ФД,2025-08-20,17500.0
СМ,2025-08-20,1100.0
ТЗ,2025-08-20,92307.5
ГП,2025-08-21,22188.5
ДЦ,2025-08-21,6315.0
Массаж,2025-08-21,19450.0
Мероприятия ФД,2025-08-21,550.0
СМ,2025-08-21,1100.0
ТЗ,2025-08-21,70003.0
БК,2025-08-22,4127.5
ГП,2025-08-22,34576.0
ДЦ,2025-08-22,7808.5
Массаж,2025-08-22,12500.0
СМ,2025-08-22,0.0
ТЗ,2025-08-22,81747.25
ГП,2025-08-23,4183.0
ДЦ,2025-08-23,700.0
Массаж,2025-08-23,6725.0
СМ,2025-08-23,3377.5
ТЗ,2025-08-23,41430.0
БК,2025-08-24,1402.5
ГП,2025-08-24,8500.0
ДЦ,2025-08-24,3022.5
Массаж,2025-08-24,2500.0
СМ,2025-08-24,935.0
ТЗ,2025-08-24,22717.0
БК,2025-08-25,3407.5
ГП,2025-08-25,48724.75
ДЦ,2025-08-25,4600.5
Массаж,2025-08-25,17337.5
Мероприятия ФД,2025-08-25,550.0
СМ,2025-08-25,2200.0
ТЗ,2025-08-25,94330.0
БК,2025-08-26,4743.75
ГП,2025-08-26,31703.0
ДЦ,2025-08-26,9892.0
Массаж,2025-08-26,31770.0
Мероприятия ФД,2025-08-26,5650.0
СМ,2025-08-26,2200.0
ТЗ,2025-08-26,100518.0
БК,2025-08-27,2045.0
ГП,2025-08-27,30939.0
ДЦ,2025-08-27,4388.0
Массаж,2025-08-27,23320.0
Мероприятия ФД,2025-08-27,14150.0
СМ,2025-08-27,2200.0
ТЗ,2025-08-27,72672.5
БК,2025-08-28,9046.25
ГП,2025-08-28,60143.25
ДЦ,2025-08-28,10476.5
Массаж,2025-08-28,15125.0
Мероприятия ФД,2025-08-28,4550.0
СМ,2025-08-28,1610.0
ТЗ,2025-08-28,91366.0
БК,2025-08-29,725.0
ГП,2025-08-29,38597.0
ДЦ,2025-08-29,5163.0
Массаж,2025-08-29,12805.0
Мероприятия ФД,2025-08-29,2000.0
СМ,2025-08-29,1100.0
ТЗ,2025-08-29,75405.25
БК,2025-08-30,2000.0
ГП,2025-08-30,7885.0
Массаж,2025-08-30,4250.0
СМ,2025-08-30,2200.0
ТЗ,2025-08-30,34053.5
БК,2025-08-31,3052.5
ГП,2025-08-31,9668.0
ДЦ,2025-08-31,700.0
Массаж,2025-08-31,5885.0
Мероприятия ФД,2025-08-31,30000.0
СМ,2025-08-31,0.0
ТЗ,2025-08-31,57604.5
БК,2025-09-01,978.75
ГП,2025-09-01,22616.0
ДЦ,2025-09-01,4074.5
Массаж,2025-09-01,13815.0
Мероприятия ФД,2025-09-01,1100.0
СМ,2025-09-01,2400.0
ТЗ,2025-09-01,84544.5
ГП,2025-09-02,52657.5
ДЦ,2025-09-02,9349.5
Массаж,2025-09-02,28722.5
Мероприятия ФД,2025-09-02,60000.0
СМ,2025-09-02,1370.0
ТЗ,2025-09-02,94959.0
БК,2025-09-03,6781.25
ГП,2025-09-03,39805.5
ДЦ,2025-09-03,7173.0
Массаж,2025-09-03,13121.25
Мероприятия ФД,2025-09-03,550.0
СМ,2025-09-03,3000.0
ТЗ,2025-09-03,94157.0
БК,2025-09-04,2890.0
ГП,2025-09-04,48838.0
ДЦ,2025-09-04,14223.5
Массаж,2025-09-04,23232.5
Мероприятия ФД,2025-09-04,1200.0
СМ,2025-09-04,0.0
ТЗ,2025-09-04,79985.5
БК,2025-09-05,6302.5
ГП,2025-09-05,30708.0
ДЦ,2025-09-05,7257.5
Массаж,2025-09-05,16512.5
Мероприятия ФД,2025-09-05,550.0
СМ,2025-09-05,1020.0
ТЗ,2025-09-05,84522.25
БК,2025-09-06,725.0
ГП,2025-09-06,16458.0
ДЦ,2025-09-06,1116.0
Массаж,2025-09-06,6900.0
ТЗ,2025-09-06,39928.0
БК,2025-09-07,3532.5
ГП,2025-09-07,4050.0
ДЦ,2025-09-07,1567.5
Массаж,2025-09-07,3825.0
СМ,2025-09-07,1200.0
ТЗ,2025-09-07,28984.0
БК,2025-09-08,3066.25
ГП,2025-09-08,19455.0
ДЦ,2025-09-08,10395.0
Массаж,2025-09-08,17147.5
Мероприятия ФД,2025-09-08,1100.0
СМ,2025-09-08,3795.0
ТЗ,2025-09-08,76988.25
БК,2025-09-09,2852.5
ГП,2025-09-09,30222.5
ДЦ,2025-09-09,8917.5
Массаж,2025-09-09,23505.0
Мероприятия ФД,2025-09-09,550.0
СМ,2025-09-09,1200.0
ТЗ,2025-09-09,93603.0
БК,2025-09-10,7900.0
ГП,2025-09-10,29572.5
ДЦ,2025-09-10,13237.0
Массаж,2025-09-10,19897.5
Мероприятия ФД,2025-09-10,-5800.0
СМ,2025-09-10,3240.0
ТЗ,2025-09-10,101237.5
БК,2025-09-11,10258.75
ГП,2025-09-11,22537.5
ДЦ,2025-09-11,10090.5
Массаж,2025-09-11,34047.5
Мероприятия ФД,2025-09-11,16550.0
СМ,2025-09-11,2150.0
ТЗ,2025-09-11,82010.25
БК,2025-09-12,6330.0
ГП,2025-09-12,15772.5
ДЦ,2025-09-12,7336.5
Массаж,2025-09-12,8727.5
Мероприятия ФД,2025-09-12,16000.0
СМ,2025-09-12,2400.0
ТЗ,2025-09-12,90280.75
БК,2025-09-13,2212.5
ГП,2025-09-13,3582.5
Массаж,2025-09-13,5822.5
Мероприятия ФД,2025-09-13,550.0
СМ,2025-09-13,3420.0
ТЗ,2025-09-13,34839.5
БК,2025-09-14,725.0
ГП,2025-09-14,8108.5
ДЦ,2025-09-14,4317.5
Массаж,2025-09-14,10322.5
Мероприятия ФД,2025-09-14,16000.0
СМ,2025-09-14,3420.0
ТЗ,2025-09-14,26597.5
БК,2025-09-15,6132.5
ГП,2025-09-15,25345.0
ДЦ,2025-09-15,10030.5
Массаж,2025-09-15,8775.0
Мероприятия ФД,2025-09-15,-6950.0
СМ,2025-09-15,4560.0
ТЗ,2025-09-15,95822.5
БК,2025-09-16,3962.5
ГП,2025-09-16,35224.5
ДЦ,2025-09-16,11651.5
Массаж,2025-09-16,23047.5
СМ,2025-09-16,1020.0
ТЗ,2025-09-16,90895.0
БК,2025-09-17,8395.0
ГП,2025-09-17,42823.0
ДЦ,2025-09-17,10413.5
Массаж,2025-09-17,8542.5
СМ,2025-09-17,2400.0
ТЗ,2025-09-17,102203.0
БК,2025-09-18,1487.5
ГП,2025-09-18,40460.5
ДЦ,2025-09-18,13458.5
Массаж,2025-09-18,10375.0
СМ,2025-09-18,0.0
ТЗ,2025-09-18,92026.25
БК,2025-09-19,4408.75
ГП,2025-09-19,28828.0
ДЦ,2025-09-19,4945.5
Массаж,2025-09-19,27865.0
Мероприятия ФД,2025-09-19,16550.0
СМ,2025-09-19,3180.0
ТЗ,2025-09-19,75340.5
БК,2025-09-20,2212.5
ГП,2025-09-20,23606.0
ДЦ,2025-09-20,2177.5
Массаж,2025-09-20,10630.0
СМ,2025-09-20,0.0
ТЗ,2025-09-20,59260.25
ГП,2025-09-21,4322.5
ДЦ,2025-09-21,2079.0
Массаж,2025-09-21,2252.5
СМ,2025-09-21,0.0
ТЗ,2025-09-21,50465.5
БК,2025-09-22,7073.75
ГП,2025-09-22,30937.5
ДЦ,2025-09-22,4281.0
Массаж,2025-09-22,11517.5
Мероприятия ФД,2025-09-22,550.0
СМ,2025-09-22,2400.0
ТЗ,2025-09-22,87568.0
БК,2025-09-23,2852.5
ГП,2025-09-23,52985.5
ДЦ,2025-09-23,9887.25
Массаж,2025-09-23,22056.25
Мероприятия ФД,2025-09-23,1100.0
СМ,2025-09-23,1200.0
ТЗ,2025-09-23,94343.0
БК,2025-09-24,3556.25
ГП,2025-09-24,24952.5
ДЦ,2025-09-24,17895.25
Массаж,2025-09-24,13430.0
Мероприятия ФД,2025-09-24,550.0
СМ,2025-09-24,3600.0
ТЗ,2025-09-24,110816.5
БК,2025-09-25,11870.0
ГП,2025-09-25,43523.0
ДЦ,2025-09-25,11579.25
Массаж,2025-09-25,9770.0
СМ,2025-09-25,3420.0
ТЗ,2025-09-25,95949.5
БК,2025-09-26,2791.25
ГП,2025-09-26,42255.0
ДЦ,2025-09-26,10331.5
Массаж,2025-09-26,16312.5
Мероприятия ФД,2025-09-26,550.0
СМ,2025-09-26,2160.0
ТЗ,2025-09-26,94268.5
БК,2025-09-27,2212.5
ГП,2025-09-27,13792.5
ДЦ,2025-09-27,1525.0
Массаж,2025-09-27,10322.5
Мероприятия ФД,2025-09-27,550.0
СМ,2025-09-27,3180.0
ТЗ,2025-09-27,49857.0
ГП,2025-09-28,12252.5
ДЦ,2025-09-28,1202.5
Массаж,2025-09-28,3145.0
СМ,2025-09-28,2400.0
ТЗ,2025-09-28,28358.5
БК,2025-09-29,5425.5
ГП,2025-09-29,44792.5
ДЦ,2025-09-29,15477.5
Массаж,2025-09-29,23671.5
Мероприятия ФД,2025-09-29,17100.0
СМ,2025-09-29,4560.0
ТЗ,2025-09-29,125790.75
БК,2025-09-30,3587.5
ГП,2025-09-30,63236.0
ДЦ,2025-09-30,12488.5
Массаж,2025-09-30,47267.5
Мероприятия ФД,2025-09-30,16550.0
СМ,2025-09-30,2820.0
ТЗ,2025-09-30,139077.25
БК,2025-10-01,7417.5
ГП,2025-10-01,49279.25
ДЦ,2025-10-01,22298.5
Массаж,2025-10-01,20249.5
Мероприятия ФД,2025-10-01,3100.0
СМ,2025-10-01,1020.0
ТЗ,2025-10-01,94273.5
ГП,2025-10-02,58690.0
ДЦ,2025-10-02,13370.5
Массаж,2025-10-02,14402.0
СМ,2025-10-02,1200.0
ТЗ,2025-10-02,90437.75
БК,2025-10-03,2957.5
ГП,2025-10-03,38463.0
ДЦ,2025-10-03,13393.0
Массаж,2025-10-03,8072.5
Мероприятия ФД,2025-10-03,17550.0
СМ,2025-10-03,4760.0
ТЗ,2025-10-03,113684.0
БК,2025-10-04,3700.0
ГП,2025-10-04,15817.5
ДЦ,2025-10-04,550.0
Массаж,2025-10-04,11002.5
СМ,2025-10-04,2220.0
ТЗ,2025-10-04,20958.0
ГП,2025-10-05,8870.0
ДЦ,2025-10-05,1017.5
Массаж,2025-10-05,8882.5
Мероприятия ФД,2025-10-05,1100.0
СМ,2025-10-05,2400.0
ТЗ,2025-10-05,32523.5
БК,2025-10-06,4400.0
ГП,2025-10-06,37210.5
ДЦ,2025-10-06,10969.5
Массаж,2025-10-06,18607.5
Мероприятия ФД,2025-10-06,550.0
СМ,2025-10-06,-2300.0
ТЗ,2025-10-06,111551.0
БК,2025-10-07,7103.75
ГП,2025-10-07,46545.5
ДЦ,2025-10-07,6593.0
Массаж,2025-10-07,18480.0
Мероприятия ФД,2025-10-07,650.0
СМ,2025-10-07,2700.0
ТЗ,2025-10-07,98001.0
БК,2025-10-08,6857.5
ГП,2025-10-08,38019.25
ДЦ,2025-10-08,12051.0
Массаж,2025-10-08,18497.0
Мероприятия ФД,2025-10-08,17100.0
СМ,2025-10-08,0.0
ТЗ,2025-10-08,108708.25
БК,2025-10-09,9628.75
ГП,2025-10-09,50223.5
ДЦ,2025-10-09,9497.0
Массаж,2025-10-09,32774.5
Мероприятия ФД,2025-10-09,1100.0
СМ,2025-10-09,1200.0
ТЗ,2025-10-09,106977.5
БК,2025-10-10,5380.0
ГП,2025-10-10,43510.0
ДЦ,2025-10-10,6785.0
Массаж,2025-10-10,23577.5
Мероприятия ФД,2025-10-10,550.0
СМ,2025-10-10,2400.0
ТЗ,2025-10-10,90851.0
БК,2025-10-11,650.0
ГП,2025-10-11,18975.0
ДЦ,2025-10-11,550.0
Массаж,2025-10-11,5952.5
Мероприятия ФД,2025-10-11,650.0
СМ,2025-10-11,3600.0
ТЗ,2025-10-11,53541.25
БК,2025-10-12,2302.5
ГП,2025-10-12,11275.0
ДЦ,2025-10-12,2590.5
Массаж,2025-10-12,5270.0
Мероприятия ФД,2025-10-12,550.0
СМ,2025-10-12,0.0
ТЗ,2025-10-12,34426.25
БК,2025-10-13,3962.5
ГП,2025-10-13,33596.5
ДЦ,2025-10-13,11037.0
Массаж,2025-10-13,8877.5
Мероприятия ФД,2025-10-13,1650.0
СМ,2025-10-13,1200.0
ТЗ,2025-10-13,87527.25
БК,2025-10-14,4377.5
ГП,2025-10-14,60484.0
ДЦ,2025-10-14,9123.5
Массаж,2025-10-14,29905.0
Мероприятия ФД,2025-10-14,17100.0
СМ,2025-10-14,5580.0
ТЗ,2025-10-14,105601.5
БК,2025-10-15,7662.5
ГП,2025-10-15,67372.25
ДЦ,2025-10-15,14327.5
Массаж,2025-10-15,17927.5
Мероприятия ФД,2025-10-15,16550.0
СМ,2025-10-15,3600.0
ТЗ,2025-10-15,126250.75
БК,2025-10-16,7250.0
ГП,2025-10-16,52420.5
ДЦ,2025-10-16,10395.0
Массаж,2025-10-16,22501.25
Мероприятия ФД,2025-10-16,37950.0
СМ,2025-10-16,2400.0
ТЗ,2025-10-16,82574.25
БК,2025-10-17,5986.25
ГП,2025-10-17,39931.5
ДЦ,2025-10-17,15629.5
Массаж,2025-10-17,14610.0
СМ,2025-10-17,700.0
ТЗ,2025-10-17,103633.25
БК,2025-10-18,1450.0
ГП,2025-10-18,33712.0
ДЦ,2025-10-18,1486.5
Массаж,2025-10-18,14210.0
СМ,2025-10-18,2220.0
ТЗ,2025-10-18,44248.0
ГП,2025-10-19,10927.5
ДЦ,2025-10-19,2915.0
Массаж,2025-10-19,1700.0
СМ,2025-10-19,700.0
ТЗ,2025-10-19,34706.75
БК,2025-10-20,3556.25
ГП,2025-10-20,36152.0
ДЦ,2025-10-20,12501.5
Массаж,2025-10-20,27682.5
Мероприятия ФД,2025-10-20,9500.0
СМ,2025-10-20,2400.0
ТЗ,2025-10-20,117537.5
БК,2025-10-21,3300.0
ГП,2025-10-21,65505.0
ДЦ,2025-10-21,13166.0
Массаж,2025-10-21,27107.5
Мероприятия ФД,2025-10-21,5700.0
СМ,2025-10-21,2400.0
ТЗ,2025-10-21,118071.75
БК,2025-10-22,9002.5
ГП,2025-10-22,56911.25
ДЦ,2025-10-22,15525.0
Массаж,2025-10-22,15015.0
Мероприятия ФД,2025-10-22,3850.0
СМ,2025-10-22,2220.0
ТЗ,2025-10-22,122482.5
БК,2025-10-23,7296.25
ГП,2025-10-23,51634.5
ДЦ,2025-10-23,10096.0
Массаж,2025-10-23,26782.5
СМ,2025-10-23,2220.0
ТЗ,2025-10-23,97900.0
БК,2025-10-24,3066.25
ГП,2025-10-24,77952.0
ДЦ,2025-10-24,7891.0
Массаж,2025-10-24,13334.5
Мероприятия ФД,2025-10-24,3050.0
СМ,2025-10-24,4620.0
ТЗ,2025-10-24,106682.25
БК,2025-10-25,725.0
ГП,2025-10-25,36177.0
ДЦ,2025-10-25,550.0
Массаж,2025-10-25,0.0
Мероприятия ФД,2025-10-25,1750.0
СМ,2025-10-25,1200.0
ТЗ,2025-10-25,43967.0
ГП,2025-10-26,12470.0
ДЦ,2025-10-26,1017.5
Массаж,2025-10-26,8750.0
Мероприятия ФД,2025-10-26,1200.0
СМ,2025-10-26,2160.0
ТЗ,2025-10-26,33969.67
БК,2025-10-27,8297.5
ГП,2025-10-27,25544.0
ДЦ,2025-10-27,10500.5
Массаж,2025-10-27,10622.5
Мероприятия ФД,2025-10-27,13250.0
СМ,2025-10-27,3420.0
ТЗ,2025-10-27,112739.5
БК,2025-10-28,2475.0
ГП,2025-10-28,39735.5
ДЦ,2025-10-28,3985.5
Массаж,2025-10-28,37595.0
Мероприятия ФД,2025-10-28,11500.0
СМ,2025-10-28,3600.0
ТЗ,2025-10-28,122597.58
БК,2025-10-29,13705.0
ГП,2025-10-29,57629.75
ДЦ,2025-10-29,12855.0
Массаж,2025-10-29,29262.5
Мероприятия ФД,2025-10-29,11500.0
СМ,2025-10-29,3240.0
ТЗ,2025-10-29,100165.5
БК,2025-10-30,5602.5
ГП,2025-10-30,51736.75
ДЦ,2025-10-30,13355.0
Массаж,2025-10-30,26035.0
Мероприятия ФД,2025-10-30,10570.0
СМ,2025-10-30,6660.0
ТЗ,2025-10-30,100951.5
БК,2025-10-31,15870.0
ГП,2025-10-31,42055.5
ДЦ,2025-10-31,10182.0
Массаж,2025-10-31,42097.5
Мероприятия ФД,2025-10-31,10200.0
СМ,2025-10-31,3100.0
ТЗ,2025-10-31,115473.33
ГП,2025-11-01,24852.5
Массаж,2025-11-01,17300.0
Мероприятия ФД,2025-11-01,1100.0
СМ,2025-11-01,4620.0
ТЗ,2025-11-01,44174.5
БК,2025-11-02,2825.0
ГП,2025-11-02,5217.5
ДЦ,2025-11-02,979.0
Массаж,2025-11-02,5270.0
Мероприятия ФД,2025-11-02,19500.0
ТЗ,2025-11-02,31762.0
БК,2025-11-03,490.0
ГП,2025-11-03,18257.0
ДЦ,2025-11-03,12480.0
Массаж,2025-11-03,12300.0
Мероприятия ФД,2025-11-03,5100.0
СМ,2025-11-03,0.0
ТЗ,2025-11-03,67628.25
БК,2025-11-04,6337.5
ГП,2025-11-04,22667.5
ДЦ,2025-11-04,6629.5
Массаж,2025-11-04,17605.0
СМ,2025-11-04,2250.0
ТЗ,2025-11-04,71133.75
БК,2025-11-05,9348.75
ГП,2025-11-05,38279.0
ДЦ,2025-11-05,15090.0
Массаж,2025-11-05,25275.0
Мероприятия ФД,2025-11-05,16550.0
СМ,2025-11-05,1200.0
ТЗ,2025-11-05,88167.5
БК,2025-11-06,5600.0
ГП,2025-11-06,59058.5
ДЦ,2025-11-06,15067.5
Массаж,2025-11-06,23147.5
Мероприятия ФД,2025-11-06,4650.0
СМ,2025-11-06,1387.5
ТЗ,2025-11-06,81722.92
БК,2025-11-07,10842.5
ГП,2025-11-07,64283.5
ДЦ,2025-11-07,11079.5
Массаж,2025-11-07,14352.0
Мероприятия ФД,2025-11-07,17550.0
СМ,2025-11-07,5760.0
ТЗ,2025-11-07,116662.0
БК,2025-11-08,3237.5
ГП,2025-11-08,27673.5
ДЦ,2025-11-08,1061.5
Массаж,2025-11-08,13227.5
Мероприятия ФД,2025-11-08,550.0
СМ,2025-11-08,1200.0
ТЗ,2025-11-08,53797.5
БК,2025-11-09,2717.5
ГП,2025-11-09,21100.0
ДЦ,2025-11-09,2079.0
Массаж,2025-11-09,15067.5
Мероприятия ФД,2025-11-09,550.0
СМ,2025-11-09,1020.0
ТЗ,2025-11-09,42075.33
БК,2025-11-10,7678.75
ГП,2025-11-10,34141.0
ДЦ,2025-11-10,17257.0
Массаж,2025-11-10,25089.5
Мероприятия ФД,2025-11-10,2750.0
СМ,2025-11-10,8760.0
ТЗ,2025-11-10,100370.5
БК,2025-11-11,2212.5
ГП,2025-11-11,38853.5
ДЦ,2025-11-11,9530.0
Массаж,2025-11-11,10105.0
Мероприятия ФД,2025-11-11,15450.0
СМ,2025-11-11,2400.0
ТЗ,2025-11-11,109907.25
БК,2025-11-12,13849.5
ГП,2025-11-12,50611.5
ДЦ,2025-11-12,16019.5
Массаж,2025-11-12,17357.0
Мероприятия ФД,2025-11-12,1100.0
СМ,2025-11-12,7200.0
ТЗ,2025-11-12,101748.75
ГП,2025-11-13,60431.25
ДЦ,2025-11-13,11854.5
Массаж,2025-11-13,27522.5
Мероприятия ФД,2025-11-13,550.0
СМ,2025-11-13,3240.0
ТЗ,2025-11-13,116583.42
БК,2025-11-14,10961.25
ГП,2025-11-14,83091.25
ДЦ,2025-11-14,17880.0
Массаж,2025-11-14,22857.5
Мероприятия ФД,2025-11-14,16550.0
СМ,2025-11-14,4800.0
ТЗ,2025-11-14,146796.0
БК,2025-11-15,3877.5
ГП,2025-11-15,27748.5
ДЦ,2025-11-15,3760.0
Массаж,2025-11-15,6240.0
Мероприятия ФД,2025-11-15,6000.0
СМ,2025-11-15,4560.0
ТЗ,2025-11-15,62856.0
БК,2025-11-16,1400.0
ГП,2025-11-16,24552.5
ДЦ,2025-11-16,3549.0
Мероприятия ФД,2025-11-16,550.0
СМ,2025-11-16,1020.0
ТЗ,2025-11-16,47885.0
БК,2025-11-17,3560.0
ГП,2025-11-17,36020.5
ДЦ,2025-11-17,17419.5
Массаж,2025-11-17,17137.5
Мероприятия ФД,2025-11-17,1100.0
СМ,2025-11-17,550.0
ТЗ,2025-11-17,123966.5
ГП,2025-11-18,48185.75
ДЦ,2025-11-18,14331.0
Массаж,2025-11-18,19390.0
Мероприятия ФД,2025-11-18,20000.0
СМ,2025-11-18,0.0
ТЗ,2025-11-18,118880.75
БК,2025-11-19,9561.75
ГП,2025-11-19,44719.0
ДЦ,2025-11-19,19833.0
Массаж,2025-11-19,16182.5
Мероприятия ФД,2025-11-19,3050.0
СМ,2025-11-19,1200.0
ТЗ,2025-11-19,91150.0
БК,2025-11-20,4049.5
ГП,2025-11-20,46163.0
ДЦ,2025-11-20,10151.0
Массаж,2025-11-20,8327.5
Мероприятия ФД,2025-11-20,13150.0
СМ,2025-11-20,2400.0
ТЗ,2025-11-20,89684.0
БК,2025-11-21,3075.5
ГП,2025-11-21,35529.75
ДЦ,2025-11-21,13429.8
Массаж,2025-11-21,21087.5
Мероприятия ФД,2025-11-21,1600.0
СМ,2025-11-21,1200.0
ТЗ,2025-11-21,91767.25
БК,2025-11-22,5865.0
ГП,2025-11-22,21903.5
ДЦ,2025-11-22,1061.5
Массаж,2025-11-22,18690.0
Мероприятия ФД,2025-11-22,550.0
СМ,2025-11-22,2220.0
ТЗ,2025-11-22,53571.5
ГП,2025-11-23,11057.5
ДЦ,2025-11-23,2924.0
Массаж,2025-11-23,12697.5
СМ,2025-11-23,3420.0
ТЗ,2025-11-23,33371.42
БК,2025-11-24,8891.25
ГП,2025-11-24,49182.5
ДЦ,2025-11-24,17737.5
Массаж,2025-11-24,14625.0
Мероприятия ФД,2025-11-24,33100.0
СМ,2025-11-24,375.0
ТЗ,2025-11-24,130226.5
БК,2025-11-25,1399.25
ГП,2025-11-25,51806.5
ДЦ,2025-11-25,10294.5
Массаж,2025-11-25,38625.0
Мероприятия ФД,2025-11-25,400.0
СМ,2025-11-25,1200.0
ТЗ,2025-11-25,123020.0
БК,2025-11-26,8105.75
ГП,2025-11-26,65856.75
ДЦ,2025-11-26,21495.5
Массаж,2025-11-26,33645.0
Мероприятия ФД,2025-11-26,7150.0
СМ,2025-11-26,2220.0
ТЗ,2025-11-26,117965.25
БК,2025-11-27,725.0
ГП,2025-11-27,55869.5
ДЦ,2025-11-27,13700.5
Массаж,2025-11-27,27022.5
Мероприятия ФД,2025-11-27,250.0
СМ,2025-11-27,0.0
ТЗ,2025-11-27,103094.5
БК,2025-11-28,6160.0
ГП,2025-11-28,56400.0
ДЦ,2025-11-28,13073.5
Массаж,2025-11-28,17940.0
Мероприятия ФД,2025-11-28,3450.0
СМ,2025-11-28,3580.0
ТЗ,2025-11-28,132484.75
БК,2025-11-29,3152.5
ГП,2025-11-29,34342.5
ДЦ,2025-11-29,5508.5
Массаж,2025-11-29,14465.0
Мероприятия ФД,2025-11-29,200.0
СМ,2025-11-29,4440.0
ТЗ,2025-11-29,56255.0
ГП,2025-11-30,49480.0
Массаж,2025-11-30,9642.5
СМ,2025-11-30,0.0
ТЗ,2025-11-30,26208.33
БК,2025-12-01,7585.0
ГП,2025-12-01,30136.75
ДЦ,2025-12-01,16488.0
Массаж,2025-12-01,20947.5
Мероприятия ФД,2025-12-01,15400.0
СМ,2025-12-01,0.0
ТЗ,2025-12-01,98682.25
БК,2025-12-02,604.5
ГП,2025-12-02,65999.75
ДЦ,2025-12-02,15272.5
Массаж,2025-12-02,30170.0
Мероприятия ФД,2025-12-02,800.0
СМ,2025-12-02,-320.0
ТЗ,2025-12-02,109362.33
БК,2025-12-03,2195.0
ГП,2025-12-03,46500.5
ДЦ,2025-12-03,19219.0
Массаж,2025-12-03,19220.0
Мероприятия ФД,2025-12-03,16300.0
СМ,2025-12-03,0.0
ТЗ,2025-12-03,103455.0
БК,2025-12-04,5203.0
ГП,2025-12-04,32030.5
ДЦ,2025-12-04,13045.5
Массаж,2025-12-04,16342.5
Мероприятия ФД,2025-12-04,300.0
СМ,2025-12-04,1200.0
ТЗ,2025-12-04,82510.42
БК,2025-12-05,3175.0
ГП,2025-12-05,39923.0
ДЦ,2025-12-05,8367.0
Массаж,2025-12-05,13760.0
Мероприятия ФД,2025-12-05,18200.0
СМ,2025-12-05,2160.0
ТЗ,2025-12-05,104245.0
ГП,2025-12-06,10837.5
ДЦ,2025-12-06,5299.5
Массаж,2025-12-06,10480.0
Мероприятия ФД,2025-12-06,700.0
СМ,2025-12-06,0.0
ТЗ,2025-12-06,46941.0
ГП,2025-12-07,17545.0
ДЦ,2025-12-07,2357.5
Массаж,2025-12-07,7572.5
СМ,2025-12-07,0.0
ТЗ,2025-12-07,24573.5
БК,2025-12-08,6370.0
ГП,2025-12-08,14690.0
ДЦ,2025-12-08,13656.0
Массаж,2025-12-08,10357.5
Мероприятия ФД,2025-12-08,1400.0
СМ,2025-12-08,1200.0
ТЗ,2025-12-08,112708.25
БК,2025-12-09,5136.75
ГП,2025-12-09,45160.0
ДЦ,2025-12-09,15226.5
Массаж,2025-12-09,23982.5
Мероприятия ФД,2025-12-09,-500.0
СМ,2025-12-09,3695.0
ТЗ,2025-12-09,108433.33
БК,2025-12-10,8271.25
ГП,2025-12-10,42405.5
ДЦ,2025-12-10,11069.5
Массаж,2025-12-10,16427.5
Мероприятия ФД,2025-12-10,2800.0
СМ,2025-12-10,5520.0
ТЗ,2025-12-10,119907.25
БК,2025-12-11,674.25
ГП,2025-12-11,46898.0
ДЦ,2025-12-11,11507.0
Массаж,2025-12-11,27615.0
Мероприятия ФД,2025-12-11,5300.0
СМ,2025-12-11,1020.0
ТЗ,2025-12-11,106923.42
БК,2025-12-12,6486.75
ГП,2025-12-12,49454.0
ДЦ,2025-12-12,11514.5
Массаж,2025-12-12,34965.0
Мероприятия ФД,2025-12-12,19150.0
СМ,2025-12-12,1550.0
ТЗ,2025-12-12,96489.0
ГП,2025-12-13,11787.5
ДЦ,2025-12-13,1567.5
Массаж,2025-12-13,14992.5
Мероприятия ФД,2025-12-13,1500.0
СМ,2025-12-13,960.0
ТЗ,2025-12-13,49861.0
БК,2025-12-14,1487.5
ГП,2025-12-14,9425.0
Массаж,2025-12-14,6625.0
СМ,2025-12-14,2920.0
ТЗ,2025-12-14,24671.0
БК,2025-12-15,2748.75
ГП,2025-12-15,24665.0
ДЦ,2025-12-15,14017.5
Массаж,2025-12-15,31955.0
Мероприятия ФД,2025-12-15,20900.0
СМ,2025-12-15,4060.0
ТЗ,2025-12-15,99889.0
БК,2025-12-16,2124.25
ГП,2025-12-16,38693.0
ДЦ,2025-12-16,7865.5
Массаж,2025-12-16,39000.0
Мероприятия ФД,2025-12-16,18150.0
СМ,2025-12-16,1200.0
ТЗ,2025-12-16,107021.83
БК,2025-12-17,6405.0
ГП,2025-12-17,32513.0
ДЦ,2025-12-17,18531.0
Массаж,2025-12-17,13935.0
Мероприятия ФД,2025-12-17,12600.0
СМ,2025-12-17,2400.0
ТЗ,2025-12-17,87041.25
БК,2025-12-18,1692.0
ГП,2025-12-18,38540.0
ДЦ,2025-12-18,5340.0
Массаж,2025-12-18,16095.0
Мероприятия ФД,2025-12-18,4000.0
СМ,2025-12-18,2160.0
ТЗ,2025-12-18,96012.67
БК,2025-12-19,2660.0
ГП,2025-12-19,53268.0
ДЦ,2025-12-19,9278.0
Массаж,2025-12-19,19355.0
Мероприятия ФД,2025-12-19,2700.0
СМ,2025-12-19,1200.0
ТЗ,2025-12-19,90736.75
БК,2025-12-20,2127.5
ГП,2025-12-20,19588.75
ДЦ,2025-12-20,2000.0
Массаж,2025-12-20,8330.0
Мероприятия ФД,2025-12-20,6650.0
ТЗ,2025-12-20,59189.0
ГП,2025-12-21,12530.0
ДЦ,2025-12-21,3937.5
Массаж,2025-12-21,5720.0
Мероприятия ФД,2025-12-21,5700.0
СМ,2025-12-21,5500.0
ТЗ,2025-12-21,31869.5
БК,2025-12-22,6670.75
ГП,2025-12-22,27697.5
ДЦ,2025-12-22,19239.5
Массаж,2025-12-22,20087.5
Мероприятия ФД,2025-12-22,1100.0
СМ,2025-12-22,1200.0
ТЗ,2025-12-22,112415.25
ГП,2025-12-23,35653.25
ДЦ,2025-12-23,6297.0
Массаж,2025-12-23,23515.0
СМ,2025-12-23,1200.0
ТЗ,2025-12-23,100965.75
БК,2025-12-24,6880.75
ГП,2025-12-24,32752.0
ДЦ,2025-12-24,12725.0
Массаж,2025-12-24,17672.5
Мероприятия ФД,2025-12-24,1100.0
СМ,2025-12-24,350.0
ТЗ,2025-12-24,116679.25
БК,2025-12-25,1400.0
ГП,2025-12-25,45488.25
ДЦ,2025-12-25,7497.5
Массаж,2025-12-25,6072.5
СМ,2025-12-25,3240.0
ТЗ,2025-12-25,79062.0
БК,2025-12-26,10163.75
ГП,2025-12-26,26902.5
ДЦ,2025-12-26,10946.5
Массаж,2025-12-26,11085.0
СМ,2025-12-26,3600.0
ТЗ,2025-12-26,104073.25
ГП,2025-12-27,8890.0
ДЦ,2025-12-27,4511.0
Массаж,2025-12-27,4372.5
Мероприятия ФД,2025-12-27,550.0
СМ,2025-12-27,2220.0
ТЗ,2025-12-27,64830.25
БК,2025-12-28,3673.5
ГП,2025-12-28,18965.0
ДЦ,2025-12-28,2634.5
Массаж,2025-12-28,10535.0
СМ,2025-12-28,2040.0
ТЗ,2025-12-28,20798.5
БК,2025-12-29,3150.0
ГП,2025-12-29,23433.5
ДЦ,2025-12-29,5582.5
Массаж,2025-12-29,14565.0
Мероприятия ФД,2025-12-29,2100.0
СМ,2025-12-29,0.0
ТЗ,2025-12-29,100015.0
БК,2025-12-30,3126.25
ГП,2025-12-30,16451.25
ДЦ,2025-12-30,7180.5
Массаж,2025-12-30,16455.0
Мероприятия ФД,2025-12-30,8550.0
СМ,2025-12-30,1200.0
ТЗ,2025-12-30,96046.25
ГП,2025-12-31,3370.0
Массаж,2025-12-31,6227.5
СМ,2025-12-31,0.0
ТЗ,2025-12-31,39812.5
